[
  {
    "tipo": "AUTO",
    "id": 1,
    "marca": "Ford",
    "anio": 2020,
    "estado": "ACTIVO",
    "puertas": 4,
    "combustible": "NAFTA"
  },
  {
    "tipo": "MOTO",
    "id": 2,
    "marca": "Yamaha",
    "anio": 2018,
    "estado": "ACTIVO",
    "cilindrada": 250,
    "tieneSidecar": false
  },
  {
    "tipo": "CAMION",
    "id": 3,
    "marca": "Scania",
    "anio": 2015,
    "estado": "EN_REPARACION",
    "cargaMaxima": 18000.0,
    "ejes": 6
  },
  {
    "tipo": "AUTO",
    "id": 4,
    "marca": "Toyota",
    "anio": 2022,
    "estado": "ACTIVO",
    "puertas": 5,
    "combustible": "ELECTRICO"
  },
  {
    "tipo": "MOTO",
    "id": 5,
    "marca": "Honda",
    "anio": 2016,
    "estado": "INACTIVO",
    "cilindrada": 150,
    "tieneSidecar": true
  },
  {
    "tipo": "CAMION",
    "id": 6,
    "marca": "Volvo",
    "anio": 2019,
    "estado": "ACTIVO",
    "cargaMaxima": 25000.0,
    "ejes": 8
  },
  {
    "tipo": "AUTO",
    "id": 7,
    "marca": "Chevrolet",
    "anio": 2014,
    "estado": "INACTIVO",
    "puertas": 3,
    "combustible": "DIESEL"
  }
]